{
    "timestamp": "2025-09-02 18:28:51",
    "resultados": {
        "SVM": {
            "best_params": {
                "C": 0.01605837864939034,
                "gamma": 1.028237299949921,
                "kernel": "sigmoid"
            },
            "best_score_cv": 0.9219219219219219,
            "classification_report": {
                "0": {
                    "precision": 1.0,
                    "recall": 0.6541353383458647,
                    "f1-score": 0.7909090909090909,
                    "support": 133.0
                },
                "1": {
                    "precision": 0.7413793103448276,
                    "recall": 0.9699248120300752,
                    "f1-score": 0.8403908794788274,
                    "support": 133.0
                },
                "2": {
                    "precision": 0.9027777777777778,
                    "recall": 0.9774436090225563,
                    "f1-score": 0.9386281588447654,
                    "support": 133.0
                },
                "3": {
                    "precision": 1.0,
                    "recall": 0.9701492537313433,
                    "f1-score": 0.9848484848484849,
                    "support": 134.0
                },
                "4": {
                    "precision": 0.9770992366412213,
                    "recall": 0.9624060150375939,
                    "f1-score": 0.9696969696969697,
                    "support": 133.0
                },
                "accuracy": 0.9069069069069069,
                "macro avg": {
                    "precision": 0.9242512649527654,
                    "recall": 0.9068118056334867,
                    "f1-score": 0.9048947167556276,
                    "support": 666.0
                },
                "weighted avg": {
                    "precision": 0.9243650017921756,
                    "recall": 0.9069069069069069,
                    "f1-score": 0.9050147674584699,
                    "support": 666.0
                }
            },
            "confusion_matrix": [
                [
                    87,
                    45,
                    1,
                    0,
                    0
                ],
                [
                    0,
                    129,
                    4,
                    0,
                    0
                ],
                [
                    0,
                    0,
                    130,
                    0,
                    3
                ],
                [
                    0,
                    0,
                    4,
                    130,
                    0
                ],
                [
                    0,
                    0,
                    5,
                    0,
                    128
                ]
            ]
        },
        "KNN": {
            "best_params": {
                "n_neighbors": 13,
                "p": 1
            },
            "best_score_cv": 0.4553303303303303,
            "classification_report": {
                "0": {
                    "precision": 1.0,
                    "recall": 0.015037593984962405,
                    "f1-score": 0.02962962962962963,
                    "support": 133.0
                },
                "1": {
                    "precision": 0.0,
                    "recall": 0.0,
                    "f1-score": 0.0,
                    "support": 133.0
                },
                "2": {
                    "precision": 0.2835820895522388,
                    "recall": 1.0,
                    "f1-score": 0.4418604651162791,
                    "support": 133.0
                },
                "3": {
                    "precision": 0.9925925925925926,
                    "recall": 1.0,
                    "f1-score": 0.9962825278810409,
                    "support": 134.0
                },
                "4": {
                    "precision": 0.7333333333333333,
                    "recall": 0.3308270676691729,
                    "f1-score": 0.45595854922279794,
                    "support": 133.0
                },
                "accuracy": 0.46996996996997,
                "macro avg": {
                    "precision": 0.601901603095633,
                    "recall": 0.46917293233082713,
                    "f1-score": 0.38474623436994954,
                    "support": 666.0
                },
                "weighted avg": {
                    "precision": 0.6024882262029858,
                    "recall": 0.46996996996997,
                    "f1-score": 0.3856644570328791,
                    "support": 666.0
                }
            },
            "confusion_matrix": [
                [
                    2,
                    0,
                    117,
                    1,
                    13
                ],
                [
                    0,
                    0,
                    130,
                    0,
                    3
                ],
                [
                    0,
                    0,
                    133,
                    0,
                    0
                ],
                [
                    0,
                    0,
                    0,
                    134,
                    0
                ],
                [
                    0,
                    0,
                    89,
                    0,
                    44
                ]
            ]
        }
    },
    "meta": {
        "plots": {
            "pca_2d": "images/20250902_182704/pca_2d.png",
            "pca_3d": "images/20250902_182704/pca_3d.html",
            "accuracies": "images/20250902_182704/model_accuracies.png",
            "confusions": {
                "SVM": "images/20250902_182704/confusion_SVM.png",
                "KNN": "images/20250902_182704/confusion_KNN.png"
            }
        },
        "params": {
            "bloco": 15,
            "n_trials": 5
        }
    },
    "detalhes": {
        "bloco": 15,
        "n_trials": 5,
        "model_params": {
            "SVM": {
                "C": 0.01605837864939034,
                "gamma": 1.028237299949921,
                "kernel": "sigmoid"
            },
            "KNN": {
                "n_neighbors": 13,
                "p": 1
            }
        }
    }
}