{
    "timestamp": "2025-09-02 19:38:12",
    "resultados": {
        "SVM": {
            "best_params": {
                "C": 6.669615691369463,
                "gamma": 3.8722080544866326,
                "kernel": "sigmoid"
            },
            "best_score_cv": 0.9211711711711712,
            "classification_report": {
                "0": {
                    "precision": 0.9545454545454546,
                    "recall": 0.9402985074626866,
                    "f1-score": 0.9473684210526315,
                    "support": 67.0
                },
                "1": {
                    "precision": 0.9264705882352942,
                    "recall": 0.9545454545454546,
                    "f1-score": 0.9402985074626866,
                    "support": 66.0
                },
                "2": {
                    "precision": 0.8933333333333333,
                    "recall": 1.0,
                    "f1-score": 0.9436619718309859,
                    "support": 67.0
                },
                "3": {
                    "precision": 0.9552238805970149,
                    "recall": 0.9552238805970149,
                    "f1-score": 0.9552238805970149,
                    "support": 67.0
                },
                "4": {
                    "precision": 1.0,
                    "recall": 0.8636363636363636,
                    "f1-score": 0.926829268292683,
                    "support": 66.0
                },
                "accuracy": 0.9429429429429429,
                "macro avg": {
                    "precision": 0.9459146513422194,
                    "recall": 0.9427408412483039,
                    "f1-score": 0.9426764098472005,
                    "support": 333.0
                },
                "weighted avg": {
                    "precision": 0.9458106234576824,
                    "recall": 0.9429429429429429,
                    "f1-score": 0.9427311397088791,
                    "support": 333.0
                }
            },
            "confusion_matrix": [
                [
                    63,
                    4,
                    0,
                    0,
                    0
                ],
                [
                    3,
                    63,
                    0,
                    0,
                    0
                ],
                [
                    0,
                    0,
                    67,
                    0,
                    0
                ],
                [
                    0,
                    0,
                    3,
                    64,
                    0
                ],
                [
                    0,
                    1,
                    5,
                    3,
                    57
                ]
            ]
        }
    },
    "meta": {
        "plots": {
            "pca_2d": "images/20250902_193756/pca_2d.png",
            "pca_3d": "images/20250902_193756/pca_3d.html",
            "accuracies": "images/20250902_193756/model_accuracies.png",
            "confusions": {
                "SVM": "images/20250902_193756/confusion_SVM.png"
            }
        },
        "params": {
            "bloco": 30,
            "n_trials": 2
        }
    },
    "detalhes": {
        "bloco": 30,
        "n_trials": 2,
        "model_params": {
            "SVM": {
                "C": 6.669615691369463,
                "gamma": 3.8722080544866326,
                "kernel": "sigmoid"
            }
        }
    }
}