{
    "timestamp": "2025-09-02 19:20:20",
    "resultados": {
        "SVM": {
            "best_params": {
                "C": 67.45287158491024,
                "gamma": 4.235499914254586,
                "kernel": "sigmoid"
            },
            "best_score_cv": 0.9046351834642786,
            "classification_report": {
                "0": {
                    "precision": 0.9402985074626866,
                    "recall": 0.9402985074626866,
                    "f1-score": 0.9402985074626866,
                    "support": 67.0
                },
                "1": {
                    "precision": 0.9253731343283582,
                    "recall": 0.9393939393939394,
                    "f1-score": 0.9323308270676691,
                    "support": 66.0
                },
                "2": {
                    "precision": 0.8918918918918919,
                    "recall": 0.9850746268656716,
                    "f1-score": 0.9361702127659575,
                    "support": 67.0
                },
                "3": {
                    "precision": 0.9552238805970149,
                    "recall": 0.9552238805970149,
                    "f1-score": 0.9552238805970149,
                    "support": 67.0
                },
                "4": {
                    "precision": 1.0,
                    "recall": 0.8787878787878788,
                    "f1-score": 0.9354838709677419,
                    "support": 66.0
                },
                "accuracy": 0.93993993993994,
                "macro avg": {
                    "precision": 0.9425574828559903,
                    "recall": 0.9397557666214382,
                    "f1-score": 0.939901459772214,
                    "support": 333.0
                },
                "weighted avg": {
                    "precision": 0.9424365874547399,
                    "recall": 0.93993993993994,
                    "f1-score": 0.9399374604374062,
                    "support": 333.0
                }
            },
            "confusion_matrix": [
                [
                    63,
                    4,
                    0,
                    0,
                    0
                ],
                [
                    4,
                    62,
                    0,
                    0,
                    0
                ],
                [
                    0,
                    0,
                    66,
                    1,
                    0
                ],
                [
                    0,
                    0,
                    3,
                    64,
                    0
                ],
                [
                    0,
                    1,
                    5,
                    2,
                    58
                ]
            ]
        }
    },
    "meta": {
        "plots": {
            "pca_2d": "images/20250902_191642/pca_2d.png",
            "pca_3d": "images/20250902_191642/pca_3d.html",
            "accuracies": "images/20250902_191642/model_accuracies.png",
            "confusions": {
                "SVM": "images/20250902_191642/confusion_SVM.png"
            }
        },
        "params": {
            "bloco": 30,
            "n_trials": 5
        }
    },
    "detalhes": {
        "bloco": 30,
        "n_trials": 5,
        "model_params": {
            "SVM": {
                "C": 67.45287158491024,
                "gamma": 4.235499914254586,
                "kernel": "sigmoid"
            }
        }
    }
}