{
    "timestamp": "2025-09-02 19:01:35",
    "resultados": {
        "SVM": {
            "best_params": {
                "C": 0.04869461910089716,
                "gamma": 8.352331722060416,
                "kernel": "sigmoid"
            },
            "best_score_cv": 0.88625,
            "classification_report": {
                "0": {
                    "precision": 1.0,
                    "recall": 0.65,
                    "f1-score": 0.7878787878787878,
                    "support": 40.0
                },
                "1": {
                    "precision": 0.7407407407407407,
                    "recall": 1.0,
                    "f1-score": 0.851063829787234,
                    "support": 40.0
                },
                "2": {
                    "precision": 0.851063829787234,
                    "recall": 1.0,
                    "f1-score": 0.9195402298850575,
                    "support": 40.0
                },
                "3": {
                    "precision": 0.975609756097561,
                    "recall": 1.0,
                    "f1-score": 0.9876543209876543,
                    "support": 40.0
                },
                "4": {
                    "precision": 1.0,
                    "recall": 0.8,
                    "f1-score": 0.8888888888888888,
                    "support": 40.0
                },
                "accuracy": 0.89,
                "macro avg": {
                    "precision": 0.9134828653251071,
                    "recall": 0.89,
                    "f1-score": 0.8870052114855245,
                    "support": 200.0
                },
                "weighted avg": {
                    "precision": 0.9134828653251071,
                    "recall": 0.89,
                    "f1-score": 0.8870052114855244,
                    "support": 200.0
                }
            },
            "confusion_matrix": [
                [
                    26,
                    14,
                    0,
                    0,
                    0
                ],
                [
                    0,
                    40,
                    0,
                    0,
                    0
                ],
                [
                    0,
                    0,
                    40,
                    0,
                    0
                ],
                [
                    0,
                    0,
                    0,
                    40,
                    0
                ],
                [
                    0,
                    0,
                    7,
                    1,
                    32
                ]
            ]
        },
        "KNN": {
            "best_params": {
                "n_neighbors": 67,
                "weights": "distance",
                "leaf_size": 17,
                "p": 1,
                "metric": "cosine"
            },
            "best_score_cv": 0.9987538940809969,
            "classification_report": {
                "0": {
                    "precision": 1.0,
                    "recall": 1.0,
                    "f1-score": 1.0,
                    "support": 40.0
                },
                "1": {
                    "precision": 1.0,
                    "recall": 1.0,
                    "f1-score": 1.0,
                    "support": 40.0
                },
                "2": {
                    "precision": 0.975609756097561,
                    "recall": 1.0,
                    "f1-score": 0.9876543209876543,
                    "support": 40.0
                },
                "3": {
                    "precision": 1.0,
                    "recall": 1.0,
                    "f1-score": 1.0,
                    "support": 40.0
                },
                "4": {
                    "precision": 1.0,
                    "recall": 0.975,
                    "f1-score": 0.9873417721518988,
                    "support": 40.0
                },
                "accuracy": 0.995,
                "macro avg": {
                    "precision": 0.9951219512195122,
                    "recall": 0.9949999999999999,
                    "f1-score": 0.9949992186279106,
                    "support": 200.0
                },
                "weighted avg": {
                    "precision": 0.9951219512195122,
                    "recall": 0.995,
                    "f1-score": 0.9949992186279107,
                    "support": 200.0
                }
            },
            "confusion_matrix": [
                [
                    40,
                    0,
                    0,
                    0,
                    0
                ],
                [
                    0,
                    40,
                    0,
                    0,
                    0
                ],
                [
                    0,
                    0,
                    40,
                    0,
                    0
                ],
                [
                    0,
                    0,
                    0,
                    40,
                    0
                ],
                [
                    0,
                    0,
                    1,
                    0,
                    39
                ]
            ]
        }
    },
    "meta": {
        "plots": {
            "pca_2d": "images/20250902_190025/pca_2d.png",
            "pca_3d": "images/20250902_190025/pca_3d.html",
            "accuracies": "images/20250902_190025/model_accuracies.png",
            "confusions": {
                "SVM": "images/20250902_190025/confusion_SVM.png",
                "KNN": "images/20250902_190025/confusion_KNN.png"
            }
        },
        "params": {
            "bloco": 50,
            "n_trials": 5
        }
    },
    "detalhes": {
        "bloco": 50,
        "n_trials": 5,
        "model_params": {
            "SVM": {
                "C": 0.04869461910089716,
                "gamma": 8.352331722060416,
                "kernel": "sigmoid"
            },
            "KNN": {
                "n_neighbors": 67,
                "weights": "distance",
                "leaf_size": 17,
                "p": 1,
                "metric": "cosine"
            }
        }
    }
}